{"cameraMode":{"drawMode":0,"name":"Shaded","section":"Shading Mode"},"sceneLighting":true,"audioPlay":false,"sceneViewState":{"m_AlwaysRefresh":false,"showFog":true,"showSkybox":true,"showFlares":true,"showImageEffects":true,"showParticleSystems":true,"showVisualEffectGraphs":true,"m_FxEnabled":true},"in2DMode":false,"pivot":{"x":-1.7915371656417847,"y":0.3000451326370239,"z":-0.8917776942253113},"rotation":{"x":-0.04873153567314148,"y":0.914801836013794,"z":-0.11616676300764084,"w":-0.38375532627105715},"size":2.0687735080718996,"orthographic":false}